Latin-Title,Bulgarian-Title,Resource-URL
Microstoma protractum,Алпийска чашка,http://manatarka.org/microstoma-protractum
Hericium alpestre,Алпийски корал,http://manatarka.org/hericium-alpestre
Suillus lakei,Американска масловка,http://manatarka.org/suillus-lakei
Cantharellus amethysteus,Аметистов пачи крак,http://manatarka.org/cantharellus-amethysteus
Laccaria amethystina,Аметистова гъба,http://manatarka.org/laccaria-amethystina
Laccaria amethystina,Аметистова хамелеонова гъба,http://manatarka.org/laccaria-amethystina
Clitocybe odora,Анасонка,http://manatarka.org/clitocybe-odora
Agaricus arvensis,Анасонлийка,http://manatarka.org/agaricus-arvensis
Clitocybe odora,Анасонова миризливка,http://manatarka.org/clitocybe-odora
Agaricus arvensis,Анасонова печурка,http://manatarka.org/agaricus-arvensis
Hydnellum suaveolens,Ароматен хиднелум,http://manatarka.org/hydnellum-suaveolens
Clathrus archeri,Арчеров клатрус,http://manatarka.org/clathrus-archeri
Auricularia auricula-judae,Аурикулария,http://manatarka.org/auricularia-auriculajudae
Sarcoscypha coccinea,Бабино ушенце,http://manatarka.org/sarcoscypha-coccinea
Hygrophorus agathosmus,Бадемова гъба,http://manatarka.org/hygrophorus-agathosmus
Chroogomphus rutilus,Бакърен овчи нос,http://manatarka.org/chroogomphus-rutilus
Tricholoma equestre,Бархетна гъба,http://manatarka.org/tricholoma-equestre
Stropharia coronilla,Бежова строфария,http://manatarka.org/stropharia-coronilla
Amanita beckeri,Бекерова сурогризка,http://manatarka.org/amanita-beckeri
Tuber borchii,Белезникав трюфел,http://manatarka.org/tuber-borchii
Helvella crispa,Белезникава бучка,http://manatarka.org/helvella-crispa
Pleurotus pulmonarius,Белодробна кладница,http://manatarka.org/pleurotus-pulmonarius
Helvella spadicea,Белостъблена бучка,http://manatarka.org/helvella-spadicea
Lactifluus bertillonii,Бертильонова млечница,http://manatarka.org/lactifluus-bertillonii
Russula emetica,Беснурка,http://manatarka.org/russula-emetica
Tuber borchii,Бианчето,http://manatarka.org/tuber-borchii
Amanita rubescens,Бисерка,http://manatarka.org/amanita-rubescens
Amanita rubescens,Бисерна гъба,http://manatarka.org/amanita-rubescens
Mitrula paludosa,Блатна митрула,http://manatarka.org/mitrula-paludosa
Pleurotus cornucopiae,Бледа кладница,http://manatarka.org/pleurotus-cornucopiae
Ramaria pallida,Бледа коралка,http://manatarka.org/ramaria-pallida
Lactarius pallidus,Бледа млечница,http://manatarka.org/lactarius-pallidus
Cantharellus pallens,Бледожълт пачи крак,http://manatarka.org/cantharellus-pallens
Lactarius flavidus,Бледожълта млечница,http://manatarka.org/lactarius-flavidus
Gymnopus fusipes,Бледорозова паричка,http://manatarka.org/gymnopus-fusipes
Melastiza cornubiensis,Бодлива меластиза,http://manatarka.org/melastiza-cornubiensis
Lycoperdon echinatum,Бодлива пърхутка,http://manatarka.org/lycoperdon-echinatum
Cortinarius praestans,Боздуганка,http://manatarka.org/cortinarius-praestans
Hericium alpestre,Боров корал,http://manatarka.org/hericium-alpestre
Boletus pinophilus,Борова манатарка,http://manatarka.org/boletus-pinophilus
Fomitopsis pinicola,Борова праханова гъба,http://manatarka.org/fomitopsis-pinicola
Hypholoma capnoides,Борова пънчушка,http://manatarka.org/hypholoma-capnoides
Lepista nuda,Боровинка,http://manatarka.org/lepista-nuda
Monilinia baccarum,Боровинкова монилиния,http://manatarka.org/monilinia-baccarum
Suillus luteus,Боровка,http://manatarka.org/suillus-luteus
Pisolithus arhizus,Бохемски трюфел,http://manatarka.org/pisolithus-arhizus
Agaricus bohusii,Бохусова печурка,http://manatarka.org/agaricus-bohusii
Clitopilus prunulus,Брашняна гъба,http://manatarka.org/clitopilus-prunulus
Agaricus bresadolanus,Безадолова печурка,http://manatarka.org/agaricus-bresadolanus
Tricholoma fulvum,Брезова есенна гъба,http://manatarka.org/tricholoma-fulvum
Leccinum scabrum,Брезова манатарка,http://manatarka.org/leccinum-scabrum
Piptoporus betulinus,Брезова пореста гъба,http://manatarka.org/piptoporus-betulinus
Piptoporus betulinus,Брезова праханова гъба,http://manatarka.org/piptoporus-betulinus
Leccinum scabrum,Брезовка,http://manatarka.org/leccinum-scabrum
Geastrum striatum,Бриантова земна звезда,http://manatarka.org/geastrum-striatum
Boletus aereus,Бронзова манатарка,http://manatarka.org/boletus-aereus
Boletus aereus,Бронзовка,http://manatarka.org/boletus-aereus
Lactarius blennius,Букова млечница,http://manatarka.org/lactarius-blennius
Amanita caesarea,Булка гъба,http://manatarka.org/amanita-caesarea
Amanita caesarea,Булница,http://manatarka.org/amanita-caesarea
Clavariadelphus pistillaris,Бухалка,http://manatarka.org/clavariadelphus-pistillaris
Clavariadelphus pistillaris,Бухалковидна коралка,http://manatarka.org/clavariadelphus-pistillaris
Lycoperdon perlatum,Бухалковидна пърхутка,http://manatarka.org/lycoperdon-perlatum
Morchella esculenta,Бучка гъба,http://manatarka.org/morchella-esculenta
Russula emetica,Бълвочка,http://manatarka.org/russula-emetica
Cortinarius bulliardii,Бюлярдов паяжинник,http://manatarka.org/cortinarius-bulliardii
Tuber borchii,Бял зимен трюфел,http://manatarka.org/tuber-borchii
Leucocortinarius bulbiger,Бял паяжинник,http://manatarka.org/leucocortinarius-bulbiger
Tricholoma album,Бяла есенна гъба,http://manatarka.org/tricholoma-album
Agaricus arvensis,Бяла горско-ливадна печурка,http://manatarka.org/agaricus-arvensis
Russula delica,Бяла гълъбка,http://manatarka.org/russula-delica
Lyophyllum connatum,Бяла кичурка,http://manatarka.org/lyophyllum-connatum
Pleurotus pulmonarius,Бяла кладница,http://manatarka.org/pleurotus-pulmonarius
Tricholoma columbetta,Бяла копринена гъба,http://manatarka.org/tricholoma-columbetta
Amanita virosa,Бяла леплива мухоморка,http://manatarka.org/amanita-virosa
Lactifluus piperatus,Бяла млечница,http://manatarka.org/lactifluus-piperatus
Amanita verna,Бяла мухоморка,http://manatarka.org/amanita-verna
Lactarius pubescens,Бяла мъхеста млечница,http://manatarka.org/lactarius-pubescens
Lactarius pubescens,Бяла мъхната млечница,http://manatarka.org/lactarius-pubescens
Amanita virosa,Бяла отровна мухоморка,http://manatarka.org/amanita-virosa
Clitocybe rivulosa,Бяла отровна орешарка,http://manatarka.org/clitocybe-rivulosa
Hygrophorus eburneus,Бяла седефена гъба,http://manatarka.org/hygrophorus-eburneus
Amanita vaginata,Бяла сурогризка,http://manatarka.org/amanita-vaginata
Leucoagaricus leucothites,Бяла сърнелка,http://manatarka.org/leucoagaricus-leucothites
Neottiella albocincta,Бялоопасана неотиелла,http://manatarka.org/neottiella-albocincta
Russula emetica,Бясна гъба,http://manatarka.org/russula-emetica
Exsudoporus permagnificus,Великолепна манатарка,http://manatarka.org/exsudoporus-permagnificus
Exsudoporus permagnificus,Величествена манатарка,http://manatarka.org/exsudoporus-permagnificus
Schizophyllum commune,Ветрилка,http://manatarka.org/schizophyllum-commune
Pleurotus eryngii,Ветрогонова гъба,http://manatarka.org/pleurotus-eryngii
Pleurotus eryngii,Ветрогонова кладница,http://manatarka.org/pleurotus-eryngii
Russula vinosa,Винена гълъбка,http://manatarka.org/russula-vinosa
Russula xerampelina,Виненочервена гълъбка,http://manatarka.org/russula-xerampelina
Lepista nuda,Виолетка,http://manatarka.org/lepista-nuda
Inocybe geophylla,Виолетов вълчи зъб,http://manatarka.org/inocybe-geophylla
Russula vesca,Виолетова гълъбка,http://manatarka.org/russula-vesca
Gomphus clavatus,Виолетова тръбенка,http://manatarka.org/gomphus-clavatus
Russula violeipes,Виолетовопънчеста гълъбка,http://manatarka.org/russula-violeipes
Morchella elata,Висока смръчкула,http://manatarka.org/morchella-elata
Caloboletus radicans,Вкореняваща манатарка,http://manatarka.org/caloboletus-radicans
Caloboletus radicans,Вкореняваща горчива манатарка,http://manatarka.org/caloboletus-radicans
Clitocybe vermicularis,Вкореняваща се орешарка,http://manatarka.org/clitocybe-vermicularis
Xerula radicata,Вкореняваща се припънка,http://manatarka.org/xerula-radicata
Trametes hirsuta,Влакнеста праханова гъба,http://manatarka.org/trametes-hirsuta
Volvariella gloiocephala,Волвария,http://manatarka.org/volvariella-gloiocephala
Coprinus comatus,Воловарка,http://manatarka.org/coprinus-comatus
Fistulina hepatica,Волски език,http://manatarka.org/fistulina-hepatica
Russula foetens,Воняща гълъбка,http://manatarka.org/russula-foetens
Hygrocybe ceracea,Восъчна черешова гъба,http://manatarka.org/hygrocybe-ceracea
Macrolepiota procera,Вретенка,http://manatarka.org/macrolepiota-procera
Macrolepiota procera,Връшник,http://manatarka.org/macrolepiota-procera
Grifola frondosa,Възседурка,http://manatarka.org/grifola-frondosa
Lactifluus vellereus,Вълнеста млечница,http://manatarka.org/lactifluus-vellereus
Lycogala,Вълче мляко,http://manatarka.org/list/lycogala
Inocybe erubescens,Вълчи зъб,http://manatarka.org/inocybe-erubescens/
Leccinum pseudoscabrum,Габърова брезова манатарка,http://manatarka.org/leccinum-pseudoscabrum
Leccinum pseudoscabrum,Габърова брезовка,http://manatarka.org/leccinum-pseudoscabrum
Leccinum pseudoscabrum,Габърова гъба,http://manatarka.org/leccinum-pseudoscabrum
Hemileccinum depilatum,Габърова манатарка,http://manatarka.org/hemileccinum-depilatum
Marasmius oreades,Гвоздейка,http://manatarka.org/marasmius-oreades
Gyromitra gigas,Гигантска дипленка,http://manatarka.org/gyromitra-gigas
Leucopaxillus giganteus,Гигантска орешарка,http://manatarka.org/leucopaxillus-gigianteus
Agaricus augustus,Гигантска печурка,http://manatarka.org/agaricus-augustus
Meripilus giganteus,Гигантска прахан,http://manatarka.org/meripilus-giganteus
Meripilus giganteus,Гигантска праханова гъба,http://manatarka.org/meripilus-giganteus
Calvatia gigantea,Гигантска пърхутка,http://manatarka.org/calvatia-gigantea
Macrolepiota procera,Гигантска сърнела,http://manatarka.org/macrolepiota-procera
Phlebiopsis gigantea,Гигантски флебиопсис,http://manatarka.org/phlebiopsis-gigantea
Leucopaxillus giganteus,Гигантски леукопаксилус,http://manatarka.org/leucopaxillus-giganteus
Calvatia excipuliformis,Главеста пърхутка,http://manatarka.org/calvatia-excipuliformis
Tremella encephala,Главеста тремела,http://manatarka.org/tremella-encephala
Russula aeruginea,Гладка зелена гълъбка,http://manatarka.org/russula-aeruginea
Paxillus involutus,Гладка киселка,http://manatarka.org/paxillus-involutus
Paxillus involutus,Гладка кладница,http://manatarka.org/paxillus-involutus
Russula aeruginea,Гладкозелена гълъбка,http://manatarka.org/russula-aeruginea
Cyathus olla,Гладък циатус,http://manatarka.org/cyathus-olla
Tricholoma colossus,Голяма есенна гъба,http://manatarka.org/tricholoma-colossus
Calvatia gigantea,Голяма планинска пърхутка,http://manatarka.org/calvatia-gigantea
Pluteus cervinus,Горделивка,http://manatarka.org/pluteus-cervinus
Agaricus sylvaticus,Горска печурка,http://manatarka.org/agaricus-sylvaticus
Lycoperdon perlatum,Горска пърхутка,http://manatarka.org/lycoperdon-perlatum
Gymnopus dryophilus,Горска челядинка,http://manatarka.org/gymnopus-dryophilus
Strobilomyces strobilaceus,Горски старец,http://manatarka.org/strobilomyces-strobilaceus
Agaricus arvensis,Горско-ливадна печурка,http://manatarka.org/agaricus-arvensis
Tricholoma acerbum,Горчива есенна гъба,http://manatarka.org/tricholoma-acerbum
Tricholoma vaccinum,Горчива есенна гъба,http://manatarka.org/tricholoma-vaccinum
Tylopilus felleus,Горчива манатарка,http://manatarka.org/tylopilus-felleus
Omphalotus olearius,Горчива миризливка,http://manatarka.org/omphalotus-olearius
Lactifluus vellereus,Горчива млечница,http://manatarka.org/lactifluus-vellereus
Hypholoma sublateritium,Горчива пънчушка,http://manatarka.org/hypholoma-sublateritium
Sarcodon leucopus,Горчива рогачка,http://manatarka.org/sarcodon-leucopus
Amanita franchetii,Грапаволюспеста мухоморка,http://manatarka.org/amanita-franchetii
Albatrellus cristatus,Гребенеста гъба,http://manatarka.org/albatrellus-cristatus
Geastrum pectinatum,Гребенеста земна звезда,http://manatarka.org/geastrum-pectinatum
Lepiota cristata,Гребенеста сърнелка,http://manatarka.org/lepiota-cristata
Phallus impudicus,Гъба фалос,http://manatarka.org/phallus-impudicus
Amanita excelsa,Гъстопетниста мухоморка,http://manatarka.org/amanita-excelsa
Agaricus bitorquis,Двупръстенна печурка,http://manatarka.org/agaricus-bitorquis
Agaricus arvensis,Дебелкиня,http://manatarka.org/agaricus-arvensis
Ampulloclitocybe clavipes,Дебелопънчеста орешарка,http://manatarka.org/ampulloclitocybe-clavipes
Daedaleopsis confragosa,Дедалеопсис,http://manatarka.org/daedaleopsis-confragosa
Dendrocollybia racemosa,Дендроколибия,http://manatarka.org/dendrocollybia-racemosa
Phallus impudicus,Дервишка,http://manatarka.org/phallus-impudicus
Dermoloma cuneifolium,Дермолома,http://manatarka.org/dermoloma-cuneifolium
Marasmius oreades,Джунджулка,http://manatarka.org/marasmius-oreades
Gyromitra esculenta,Дипленка,http://manatarka.org/gyromitra-esculenta
Coprinus disseminatus,Дребна копринка,http://manatarka.org/coprinus-disseminatus
Agaricus comtulus,Дребна печурка,http://manatarka.org/agaricus-comtulus
Gymnopus perforans,Дребна челядинка,http://manatarka.org/gymnopus-perforans
Lactarius spinosulus,Дребнолюспеста млечница,http://manatarka.org/lactarius-spinosulus
Amanita strobiliformis,Дрипава мухоморка,http://manatarka.org/amanita-strobiliformis
Lactarius rufus,Дъбарка,http://manatarka.org/lactarius-rufus
Daedalea quercina,Дъбов сюнгер,http://manatarka.org/daedalea-quercina
Daedalea quercina,Дъбова гъба,http://manatarka.org/daedalea-quercina
Boletus reticulatus,Дъбова манатарка,http://manatarka.org/boletus-reticulatus
Lactarius quietus,Дъбова млечница,http://manatarka.org/lactarius-quietus
Xylaria hypoxylon,Дървесна ксилария,http://manatarka.org/xylaria-hypoxylon
Buchwaldoboletus lignicola,Дърворазрушаваща манатарка,http://manatarka.org/buchwaldoboletus-lignicola/
Rubroboletus satanas,Дяволска гъба,http://manatarka.org/rubroboletus-satanas
Hydnellum peckii,Дяволски зъби,http://manatarka.org/hydnellum-peckii
Leucopaxillus giganteus,Едра белезникава киселка,http://manatarka.org/leucopaxillus-giganteus
Limacella guttata,Едра лимацела,http://manatarka.org/limacella-guttata
Infundibulicybe geotropa,Едра миризливка,http://manatarka.org/infundibulicybe-geotropa
Infundibulicybe geotropa,Едра орешарка,http://manatarka.org/infundibulicybe-geotropa
Amanita vittadinii,Едролюспеста мухоморка,http://manatarka.org/amanita-vittadinii
Agaricus urinascens,Едроспорова печурка,http://manatarka.org/agaricus-urinascens
Suillus grevillei,Елегантна масловка,http://manatarka.org/suillus-grevillei
Macrolepiota mastoidea,Елегантна сърнела,http://manatarka.org/macrolepiota-mastoidea
Elaphomyces granulatus,Еленов трюфел,http://manatarka.org/elaphomyces-granulatus
Pluteus cervinus,Еленова гъба,http://manatarka.org/pluteus-cervinus
Lactarius salmonicolor,Елова рижика,http://manatarka.org/lactarius-salmonicolor
Rutstroemia bulgarioides,Елово-шишаркова пезиза,http://manatarka.org/rutstroemia-bulgarioides
Rutstroemia bulgarioides,Елово-шишаркова рутщрьомия,http://manatarka.org/rutstroemia-bulgarioides
Paxillus rubicundulus,Елшова киселка,http://manatarka.org/paxillus-rubicundulus
Flammulina velutipes,Еноки,http://manatarka.org/flammulina-velutipes
Flammulina velutipes,Енокитаке,http://manatarka.org/flammulina-velutipes
Entonaema cinnabarinum,Ентонема,http://manatarka.org/entonaema-cinnabarinum
Pleurotus eryngii,Есенен пачи крак,http://manatarka.org/pleurotus-eryngii
Tricholoma portentosum,Есенна гъба,http://manatarka.org/tricholoma-portentosum
Tricholoma terreum,Есенна гъба,http://manatarka.org/tricholoma-terreum
Hygrocybe pratensis,Есенна ливадна гъба,http://manatarka.org/hygrocybe-pratensis
Clitocybe nebularis,Есенна миризливка,http://manatarka.org/clitocybe-nebularis
Leotia lubrica,Желатинова шапчица,http://manatarka.org/leotia-lubrica
Lentinus lepideus,Жилава гъба,http://manatarka.org/lentinus-lepideus
Helvella elastica,Жилава дипленка,http://manatarka.org/helvella-elastica
Disciotis venosa,Жилковиден дисциотис,http://manatarka.org/disciotis-venosa
Exidia glandulosa,Жлезиста ексидия,http://manatarka.org/exidia-glandulosa/
Russula fellea,Жлъчна гълъбка,http://manatarka.org/russula-fellea
Bolbitius vitellinus,Жълт болбитиус,http://manatarka.org/bolbitius-vitellinus
Tricholoma sulphureum,Жълта бархетна гъба,http://manatarka.org/tricholoma-sulphureum
Leccinum crocipodium,Жълта брезова манатарка,http://manatarka.org/leccinum-crocipodium
Leccinum crocipodium,Жълта брезовка,http://manatarka.org/leccinum-crocipodium
Crucibulum laeve,Жълта гнездовка,http://manatarka.org/crucibulum-laeve
Tremella mesenterica,Жълта желатинова гъба,http://manatarka.org/tremella-mesenterica
Tremella mesenterica,Жълта желирана гъба,http://manatarka.org/tremella-mesenterica
Stereum hirsutum,Жълта кожеста гъба,http://manatarka.org/stereum-hirsutum
Butyriboletus appendiculatus,Жълта манатарка,http://manatarka.org/butyriboletus-appendiculatus
Amanita citrina,Жълта мухоморка,http://manatarka.org/amanita-citrina
Otidea onotica,Жълта отидеа,http://manatarka.org/otidea-onotica
Hydnum repandum,Жълта рогачка,http://manatarka.org/hydnum-repandum
Neolecta vitellina,Жълта свещичка,http://manatarka.org/neolecta-vitellina
Spathularia flavida,Жълта спатулария,http://manatarka.org/spathularia-flavida
Hydnum repandum,Жълта сърнена рогачка,http://manatarka.org/hydnum-repandum
Hydnum repandum,Жълта сърненка,http://manatarka.org/hydnum-repandum
Tremella mesenterica,Жълта тремела,http://manatarka.org/tremella-mesenterica
Hygrocybe acutoconica,Жълта черешова гъба,http://manatarka.org/hygrocybe-acutoconica
Lactarius chrysorrheus,Жълтееща млечница,http://manatarka.org/lactarius-chrysorrheus
Stereum hirsutum,Жълтеникав стереум,http://manatarka.org/stereum-hirsutum
Gyromitra leucoxantha,Жълто-бяла дисцина,http://manatarka.org/gyromitra-leucoxantha
Tricholoma equestre,Жълто-зелена бархетна гъба,http://manatarka.org/tricholoma-equestre
Podophacidium xanthomelum,Жълто-кафяв подофацидиум,http://manatarka.org/podophacidium-xanthomelum
Infundibulicybe gibba,Жълто-кафява миризливка,http://manatarka.org/infundibulicybe-gibba
Amanita gemmata,Жълто-розова мухоморка,http://manatarka.org/amanita-gemmata
Lentinellus cochleatus,Жълто-червена кладница,http://manatarka.org/lentinellus-cochleatus
Otidea onotica,Жълто-червено керино ухо,http://manatarka.org/otidea-onotica
Rubroboletus rhodoxanthus,Жълтурка,http://manatarka.org/rubroboletus-rhodoxanthus
Otidea leporina,Заешко ушенце,http://manatarka.org/otidea-leporina
Clitocybe phyllophila,Заскрежена орешарка,http://manatarka.org/clitocybe-phyllophila
Hygrocybe perplexa,Захаросана черешова гъба,http://manatarka.org/hygrocybe-perplexa
Macrolepiota konradii,Звездовидна сърнела,http://manatarka.org/macrolepiota-konradii
Zeus olympius,Зевс Олимпийски,http://manatarka.org/zeus-olympius
Gymnopus brassicolens,Зелева паричка,http://manatarka.org/gymnopus-brassicolens
Clitocybe odora,Зелена анасонова миризливка,http://manatarka.org/clitocybe-odora
Russula virescens,Зелена гълъбка,http://manatarka.org/russula-virescens
Stropharia aeruginosa,Зелена меднянка,http://manatarka.org/stropharia-aeruginosa
Clitocybe odora,Зелена миризливка,http://manatarka.org/clitocybe-odora
Amanita phalloides,Зелена мухоморка,http://manatarka.org/amanita-phalloides
Sparassis crispa,Зелчеста гъба,http://manatarka.org/sparassis-crispa
Tricholoma terreum,Землиста гъба,http://manatarka.org/tricholoma-terreum
Geastrum fimbriatum,Земна звезда,http://manatarka.org/geastrum-fimbriatum
Thelephora terrestris,Земна телефора,http://manatarka.org/thelephora-terrestris
Tuber borchii,Зимен бял трюфел,http://manatarka.org/tuber-borchii
Flammulina velutipes,Зимна прирънка,http://manatarka.org/flammulina-velutipes
Tulostoma brumale,Зимна тулостома,http://manatarka.org/tulostoma-brumale
Flammulina velutipes,Зимненка,http://manatarka.org/flammulina-velutipes
Craterellus lutescens,Златист пачи крак,http://manatarka.org/craterellus-lutescens
Arachnopeziza aurelia,Златиста арахнопезиза,http://manatarka.org/arachnopeziza-aurelia
Russula aurea,Златиста гълъбка,http://manatarka.org/russula-aurea
Phaeolepiota aurea,Златистожълта люспеница,http://manatarka.org/phaeolepiota-aurea
Hygrophorus chrysodon,Златистозърнеста седефенка,http://manatarka.org/hygrophorus-chrysodon
Xerocomellus chrysenteron,Златистомрежеста манатарка,http://manatarka.org/xerocomellus-chrysenteron
Aureoboletus gentilis,Златистотръбеста манатарка,http://manatarka.org/aureoboletus-gentilis
Russula aurea,Златисточервена гълъбка,http://manatarka.org/russula-aurea
Russula aurea,Златна гълъбка,http://manatarka.org/russula-aurea
Macrolepiota procera,Змийска гъба,http://manatarka.org/macrolepiota-procera
Lactarius zonarius,Зонирана млечница,http://manatarka.org/lactarius-zonarius
Elaphomyces granulatus,Зърнест трюфел,http://manatarka.org/elaphomyces-granulatus
Elaphomyces granulatus,Зърнест червено-кафяв трюфел,http://manatarka.org/elaphomyces-granulatus
Gyromitra perlata,Зърнеста дисцина,http://manatarka.org/gyromitra-perlata
Coprinus micaceus,Зърнеста копринка,http://manatarka.org/coprinus-micaceus
Suillus granulatus,Зърнеста масловка,http://manatarka.org/suillus-granulatus
Lycoperdon perlatum,Зърнеста пърхутка,http://manatarka.org/lycoperdon-perlatum
Macrolepiota mastoidea,Зърнеста сърнела,http://manatarka.org/macrolepiota-mastoidea
Elaphomyces granulatus,Зърнист трюфел,http://manatarka.org/elaphomyces-granulatus
Lycoperdon echinatum,Иглеста пърхутка,http://manatarka.org/lycoperdon-echinatum
Hericium erinaceus,Игловиден корал,http://manatarka.org/hericium-erinaceus
Mycena acicula,Игловидна мицена,http://manatarka.org/mycena-acicula
Trametes gibbosa,Изгърбен траметес,http://manatarka.org/trametes-gibbosa
Lactarius deliciosus,Истинска млечница,http://manatarka.org/lactarius-deliciosus
Agrocybe cylindracea,Каваклийка,http://manatarka.org/agrocybe-cylindracea
Trametes versicolor,Каваратаке,http://manatarka.org/trametes-versicolor
Paxillus atrotomentosus,Кадифена киселка,http://manatarka.org/paxillus-atrotomentosus
Lactifluus vellereus,Кадифена млечница,http://manatarka.org/lactifluus-vellereus
Entoloma clypeatum,Кайсиевка,http://manatarka.org/entoloma-clypeatum
Cortinarius cinnamomeus,Канелен паяжинник,http://manatarka.org/cortinarius-cinnamomeus
Imleria badia,Канеленокафява манатарка,http://manatarka.org/imleria-badia
Agaricus xanthodermus,Карболка,http://manatarka.org/agaricus-xanthodermus
Agaricus xanthodermus,Карболова печурка,http://manatarka.org/agaricus-xanthodermus
Helvella fusca,Кафява бучка,http://manatarka.org/helvella-fusca
Russula vesca,Кафява гълъбка,http://manatarka.org/russula-vesca
Tricholoma imbricatum,Кафява есенна гъба,http://manatarka.org/tricholoma-imbricatum
Lycoperdon umbrinum,Кафява пърхутка,http://manatarka.org/lycoperdon-umbrinum
Sarcodon imbricatus,Кафява сърненка,http://manatarka.org/sarcodon-imbricatus
Russula vesca,Кафяво-виолетова гълъбка,http://manatarka.org/russula-vesca
Mycena pelianthina,Кафяво-виолетова мицена,http://manatarka.org/mycena-pelianthina
Hygrocybe spadicea,Кафяво-жълта черешова гъба,http://manatarka.org/hygrocybe-spadicea
Albatrellus cristatus,Кафяво-зелена прахан,http://manatarka.org/albatrellus-cristatus
Paralepista flaccida,Кафяво-червена орешарка,http://manatarka.org/paralepista-flaccida
Disciotis venosa,Кафяво керино ухо,http://manatarka.org/disciotis-venosa
Russula queletii,Келетова гълъбка,http://manatarka.org/russula-queletii
Suillellus queletii,Келетова манатарка,http://manatarka.org/suillellus-queletii
Cystodermella cinnabarina,Керемиденочервена зърненка,http://manatarka.org/cystodermella-cinnabarina
Hygrocybe perplexa,Керемиденочервена черешова гъба,http://manatarka.org/hygrocybe-perplexa
Sarcoscypha coccinea,Керино ухо,http://manatarka.org/sarcoscypha-coccinea
Gyroporus castaneus,Кестенка,http://manatarka.org/gyroporus-castaneus
Lanzia echinophila,Кестенова ланция,http://manatarka.org/lanzia-echinophila
Tricholoma batschii,Кестенокафява есенна гъба,http://manatarka.org/tricholoma-batschii
Polyporus badius,Кестеняв полипорус,http://manatarka.org/polyporus-badius
Gyroporus castaneus,Кестенява манатарка,http://manatarka.org/gyroporus-castaneus
Lepiota castanea,Кестенява сърнелка,http://manatarka.org/lepiota-castanea
Hygrophorus hypothejus,Кехлибарена гъба,http://manatarka.org/hygrophorus-hypothejus
Pithya cupressina,Кипарисова пития,http://manatarka.org/pithya-cupressina
Paxillus involutus,Киселка,http://manatarka.org/paxillus-involutus
Auricularia auricula-judae,Китайска черна дървесна гъба,http://manatarka.org/auricularia-auriculajudae
Albatrellus confluens,Кифла,http://manatarka.org/albatrellus-confluens
Pleurotus cornucopiae,Кичуреста кладница,http://manatarka.org/pleurotus-cornucopiae
Kuehneromyces mutabilis,Кичуреста пънчушка,http://manatarka.org/kuehneromyces-mutabilis
Mycena galericulata,Кичуреста ряповка,http://manatarka.org/mycena-galericulata
Lyophyllum decastes,Кичурка,http://manatarka.org/lyophyllum-decastes
Pleurotus ostreatus,Кладница,http://manatarka.org/pleurotus-ostreatus
Agaricus essettei,Клубеновидна печурка,http://manatarka.org/agaricus-essettei
Lactifluus piperatus,Козарка,http://manatarka.org/lactifluus-piperatus
Albatrellus pes-caprae,Кози крак,http://manatarka.org/albatrellus-pes-caprae
Ramaria formosa,Козя брада,http://manatarka.org/ramaria-formosa
Lactarius glyciosmus,Кокосова млечница,http://manatarka.org/lactarius-glyciosmus
Marasmius oreades,Кокошинка,http://manatarka.org/marasmius-oreades
Morchella elata,Конична пумпалка,http://manatarka.org/morchella-elata
Macrolepiota procera,Конска гъба,http://manatarka.org/macrolepiota-procera
Verpa conica,Конусовидна верпа,http://manatarka.org/verpa-conica
Volvariella bombycina,Копринена гъба,http://manatarka.org/volvariella-bombycina
Hericium coralloides,Корал,http://manatarka.org/hericium-coralloides
Ramaria,Коралка,http://manatarka.org/ramaria
Clavulina coralloides,Кораловидна клавулина,http://manatarka.org/clavulina-coralloides
Polyporus rhizophilus,Коренолюбив полипорус,http://manatarka.org/polyporus-rhizophilus
Morchella esculenta,Корминка,http://manatarka.org/morchella-esculenta
Geastrum coronatum,Коронована земна звезда,http://manatarka.org/geastrum-coronatum
Suillus bovinus,Кравешка гъба,http://manatarka.org/suillus-bovinus
Suillus bovinus,Кравешка масловка,http://manatarka.org/suillus-bovinus
Agaricus augustus,Кралска печурка,http://manatarka.org/agaricus-augustus
Russula rosea,Красива гълъбка,http://manatarka.org/russula-rosea
Ramaria formosa,Красива коралка,http://manatarka.org/ramaria-formosa
Caloboletus calopus,Красива манатарка,http://manatarka.org/caloboletus-calopus
Suillus grevillei,Красива масловка,http://manatarka.org/suillus-grevillei
Macrolepiota mastoidea,Красива сърнела,http://manatarka.org/macrolepiota-mastoidea
Caloboletus calopus,Красивостъблена манатарка,http://manatarka.org/caloboletus-calopus
Crepidotus,Крепидотус,http://manatarka.org/crepidotus
Lycoperdon pyriforme,Крушовидна пърхутка,http://manatarka.org/lycoperdon-pyriforme
Macrolepiota procera,Кукумарка,http://manatarka.org/macrolepiota-procera
Auricularia auricula-judae,Купичка,http://manatarka.org/auricularia-auriculajudae
Mutinus caninus,Кучешки мутинус,http://manatarka.org/mutinus-caninus
Helvella crispa,Къдрава бучка,http://manatarka.org/helvella-crispa
Sparassis crispa,Къдравка,http://manatarka.org/sparassis-crispa
Cortinarius cinnabarinus,Кървавочервен паяжинник,http://manatarka.org/cortinarius-cinnabarinus
Russula sanguinaria,Кървавочервена гълъбка,http://manatarka.org/russula-sanguinaria
Rubroboletus dupainii,Кървавочервена манатарка,http://manatarka.org/rubroboletus-dupainii
Agaricus sylvaticus,Кървавочервена печурка,http://manatarka.org/agaricus-sylvaticus
Ganoderma lucidum,Лакирана ганодерма,http://manatarka.org/ganoderma-lucidum
Exidiopsis effusa,Ледена коса,http://manatarka.org/exidiopsis-effusa
Calocera viscosa,Лепкава коралка,http://manatarka.org/calocera-viscosa
Limacella glioderma,Лепкава лимацела,http://manatarka.org/limacella-glioderma
Mycena epipterygia,Лепкава мицена,http://manatarka.org/mycena-epipterygia
Amanita virosa,Леплива бяла мухоморка,http://manatarka.org/amanita-virosa
Adelphella babingtonii,Лещовидна пахиелла,http://manatarka.org/adelphella-babingtonii
Hygrocybe pratensis,Ливаден пачи крак,http://manatarka.org/hygrocybe-pratensis
Lepista personata,Ливадна виолетка,http://manatarka.org/lepista-personata
Agaricus arvensis,Ливадна печурка,http://manatarka.org/agaricus-arvensis
Vascellum pratense,Ливадна пърхутка,http://manatarka.org/vascellum-pratense
Lycogala,Ликогала,http://manatarka.org/list/lycogala
Laccaria amethystina,Лилавка,http://manatarka.org/laccaria-amethystina
Limacella guttata,Лимацела,http://manatarka.org/limacella-guttata
Amanita citrina,Лимоненожълта мухоморка,http://manatarka.org/amanita-citrina
Bisporella citrina,Лимоненожълта чашка,http://manatarka.org/bisporella-citrina
Hygrocybe citrinovirens,Лимоненожълта черешова гъба,http://manatarka.org/hygrocybe-citrinovirens
Tricholoma equestre,Лимонка,http://manatarka.org/tricholoma-equestre
Ganoderma lucidum,Линг жи,http://manatarka.org/ganoderma-lucidum
Infundibulicybe gibba,Лисичка,http://manatarka.org/infundibulicybe-gibba
Grifola frondosa,Листовидна грифола,http://manatarka.org/grifola-frondosa
Tremella foliacea,Листовидна тремела,http://manatarka.org/tremella-foliacea
Leucocortinarius bulbiger,Луковичен паяжинник,http://manatarka.org/leucocortinarius-bulbiger
Hericium erinaceus,Лъвска грива,http://manatarka.org/hericium-erinaceus
Hygrophoropsis aurantiaca,Лъжлив пачи крак,http://manatarka.org/hygrophoropsis-aurantiaca
Scleroderma citrinum,Лъжлив трюфел,http://manatarka.org/scleroderma-citrinum
Lactarius torminosus,Лъжлива млечница,http://manatarka.org/lactarius-torminosus
Phellinus igniarius,Лъжлива праханова гъба,http://manatarka.org/phellinus-igniarius
Hypholoma fasciculare,Лъжлива пънчушка,http://manatarka.org/hypholoma-fasciculare
Scleroderma verrucosum,Лъжлива пърхутка,http://manatarka.org/scleroderma-verrucosum/
Lactarius deterrimus,Лъжлива рижика,http://manatarka.org/lactarius-deterrimus
Ganoderma lucidum,Лъскава ганодерма,http://manatarka.org/ganoderma-lucidum
Rubroboletus legaliae,Льогалова манатарка,http://manatarka.org/rubroboletus-legaliae
Pholiota squarrosa,Люспеница,http://manatarka.org/pholiota-squarrosa
Albatrellus pes-caprae,Люспест кози крак,http://manatarka.org/albatrellus-pes-caprae
Scleroderma areolatum,Люспеста лъжлива пърхутка,http://manatarka.org/scleroderma-areolatum
Pholiota squarrosa,Люспеста пънчушка,http://manatarka.org/pholiota-squarrosa
Scleroderma areolatum,Люспеста пърхутка,http://manatarka.org/scleroderma-areolatum
Stropharia squamosa,Люспеста строфария,http://manatarka.org/stropharia-squamosa
Tricholoma virgatum,Лютива есенна гъба,http://manatarka.org/tricholoma-virgatum
Chalciporus piperatus,Лютива манатарка,http://manatarka.org/chalciporus-piperatus
Chalciporus piperatus,Лютива масловка,http://manatarka.org/chalciporus-piperatus
Lactifluus piperatus,Лютива млечница,http://manatarka.org/lactifluus-piperatus
Lactifluus piperatus,Лютивка,http://manatarka.org/lactifluus-piperatus
Lactifluus piperatus,Лютици,http://manatarka.org/lactifluus-piperatus
Boletus reticulatus,Лятна манатарка,http://manatarka.org/boletus-reticulatus
Crinipellis subtomentosa,Мавритански кринипелис,http://manatarka.org/crinipellis-subtomentosa
Otidea onotica,Магарешко ушенце,http://manatarka.org/otidea-onotica
Agaricus urinascens,Магарешник,http://manatarka.org/agaricus-urinascens
Calocybe gambosa,Майска гъба,http://manatarka.org/calocybe-gambosa
Grifola frondosa,Майтаке,http://manatarka.org/grifola-frondosa
Calocera cornea,Малка лепкава коралка,http://manatarka.org/calocera-cornea
Boletus edulis,Манатарка,http://manatarka.org/boletus-edulis
Rubroboletus legaliae,Манатарка на Льо Гал,http://manatarka.org/rubroboletus-legaliae
Butyriboletus fechtneri,Манатарка на Фехтнер,http://manatarka.org/butyriboletus-fechtneri
Hygrophorus marzuolus,Мартенска седефена гъба,http://manatarka.org/hygrophorus-marzuolus
Hygrophorus marzuolus,Мартовка,http://manatarka.org/hygrophorus-marzuolus
Rhodocollybia butyracea,Маслена паричка,http://manatarka.org/rhodocollybia-butyracea
Entoloma incanum,Маслиненозелена сливовка,http://manatarka.org/entoloma-incanum
Suillus luteus,Масловка,http://manatarka.org/suillus-luteus
Coprinus atramentarius,Мастилена копринка,http://manatarka.org/coprinus-atramentarius
Coprinus comatus,Мастиленка,http://manatarka.org/coprinus-comatus
Imperator luteocupreus,Медножълта манатарка,http://manatarka.org/imperator-luteocupreus
Agaricus cupreobrunneus,Меднокафява печурка,http://manatarka.org/agaricus-cupreobrunneus
Hygrophorus russula,Меднянка,http://manatarka.org/hygrophorus-russula
Stropharia coronilla,Меднянка,http://manatarka.org/stropharia-coronilla
Lycoperdon molle,Мека пърхутка,http://manatarka.org/lycoperdon-molle
Melanogaster,Меланогастер,http://manatarka.org/melanogaster
Agaricus menieri,Мениерова печурка,http://manatarka.org/agaricus-menieri
Boletus edulis,Меча гъба,http://manatarka.org/boletus-edulis
Thelephora terrestris,Мечи уши,http://manatarka.org/thelephora-terrestris
Gyromitra esculenta,Мечо ухо,http://manatarka.org/gyromitra-esculenta
Geastrum minimum,Миниатюрна земна звезда,http://manatarka.org/geastrum-minimum
Myriostoma coliforme,Мириостома,http://manatarka.org/myriostoma-coliforme
Mythicomyces corneipes,Митикомицес,http://manatarka.org/mythicomyces-corneipes
Mycenastrum corium,Миценаструм,http://manatarka.org/mycenastrum-corium
Tricholoma terreum,Миша гъба,http://manatarka.org/tricholoma-terreum
Lactarius deliciosus,Млечница,http://manatarka.org/lactarius-deliciosus
Claviceps purpurea,Мораво рогче,http://manatarka.org/claviceps-purpurea
Aureoboletus moravicus,Моравска манатарка,http://manatarka.org/aureoboletus-moravicus
Lepista sordida,Мрачна виолетка,http://manatarka.org/lepista-sordida
Boletus reticulatus,Мрежеста манатарка,http://manatarka.org/boletus-reticulatus
Morchella esculenta,Мръчукла,http://manatarka.org/morchella-esculenta
Lactarius torminosus,Мъхнатка,http://manatarka.org/lactarius-torminosus
Agaricus moelleri,Мьолерова печурка,http://manatarka.org/agaricus-moelleri
Helvella phlebophora,Набраздена бучка,http://manatarka.org/helvella-phlebophora
Cyathus striatus,Набраздена чашка,http://manatarka.org/cyathus-striatus
Verpa bohemica,Набръчкан напръстник,http://manatarka.org/verpa-bohemica
Verpa bohemica,Набръчкана верпа,http://manatarka.org/verpa-bohemica
Rozites caperata,Набръчкана гъба,http://manatarka.org/rozites-caperata
Clavulina rugosa,Набръчкана клавулина,http://manatarka.org/clavulina-rugosa
Rhodotus palmatus,Набръчкана прасковка,http://manatarka.org/rhodotus-palmatus
Pseudocraterellus undulatus,Надиплена тръбенка,http://manatarka.org/pseudocraterellus-undulatus
Suillus variegatus,Напръскана масловка,http://manatarka.org/suillus-variegatus
Verpa conica,Напръстник,http://manatarka.org/verpa-conica
Megacollybia platyphylla,Напукана припънка,http://manatarka.org/megacollybia-platyphylla
Armillaria tabescens,Неопръстенена пънчушка,http://manatarka.org/armillaria-tabescens
Auriscalpium vulgare,Обикновен аурискалпиум,http://manatarka.org/auriscalpium-vulgare
Daedaleopsis confragosa,Обикновен дедалеопсис,http://manatarka.org/daedaleopsis-confragosa
Hericium coralloides,Обикновен корал,http://manatarka.org/hericium-coralloides
Cantharellus cibarius,Обикновен пачи крак,http://manatarka.org/cantharellus-cibarius
Cortinarius trivialis,Обикновен паяжинник,http://manatarka.org/cortinarius-trivialis
Guepinia helvelloides,Обиконвен тремискус,http://manatarka.org/guepinia-helvelloides
Phallus impudicus,Обикновен фалус,http://manatarka.org/phallus-impudicus
Phylloporus pelletieri,Обикновен филопорус,http://manatarka.org/phylloporus-pelletieri
Cyathus striatus,Обикновен циатус,http://manatarka.org/cyathus-striatus
Schizophyllum commune,Обикновен шизофилум,http://manatarka.org/schizophyllum-commune
Leccinum scabrum,Обикновена брезовка,http://manatarka.org/leccinum-scabrum
Clavariadelphus pistillaris,Обикновена бухалка,http://manatarka.org/clavariadelphus-pistillaris
Lepista nuda,Обикновена виолетка,http://manatarka.org/lepista-nuda
Dermoloma cuneifolium,Обикновена дермолома,http://manatarka.org/dermoloma-cuneifolium
Gyromitra esculenta,Обикновена дипленка,http://manatarka.org/gyromitra-esculenta
Tricholoma terreum,Обикновена есенна гъба,http://manatarka.org/tricholoma-terreum
Leotia lubrica,Обикновена желатинова шапчица,http://manatarka.org/leotia-lubrica
Geastrum fimbriatum,Обикновена земна звезда,http://manatarka.org/geastrum-fimbriatum
Limacella guttata,Обикновена лимацела,http://manatarka.org/limacella-guttata
Boletus edulis,Обикновена манатарка,http://manatarka.org/boletus-edulis
Suillus luteus,Обикновена масловка,http://manatarka.org/suillus-luteus
Lactarius deliciosus,Обикновена млечница,http://manatarka.org/lactarius-deliciosus
Clitocybe nebularis,Обикновена орешарка,http://manatarka.org/clitocybe-nebularis
Pithya vulgaris,Обикновена пития,http://manatarka.org/pithya-vulgaris
Armillaria mellea,Обикновена пънчушка,http://manatarka.org/armillaria-mellea
Bovista plumbea,Обикновена пърхутка,http://manatarka.org/bovista-plumbea
Mycena pura,Обикновена ряповка,http://manatarka.org/mycena-pura
Rozites caperata,Обикновена скрежовка,http://manatarka.org/rozites-caperata
Entoloma clypeatum,Обикновена сливовка,http://manatarka.org/entoloma-clypeatum
Morchella esculenta,Обикновена смръчкула,http://manatarka.org/morchella-esculenta
Ustilago maydis,Обикновена царевична главня,http://manatarka.org/ustilago-maydis
Marasmius oreades,Обикновена челядинка,http://manatarka.org/marasmius-oreades
Albatrellus ovinus,Овча прахан,http://manatarka.org/albatrellus-ovinus
Albatrellus ovinus,Овча праханка,http://manatarka.org/albatrellus-ovinus
Fistulina hepatica,Овчарка,http://manatarka.org/fistulina-hepatica
Albatrellus ovinus,Овче виме,http://manatarka.org/albatrellus-ovinus
Hydnum repandum,Овчи крак,http://manatarka.org/hydnum-repandum
Pholiota flammans,Огнена люспеница,http://manatarka.org/pholiota-flammans
Suillellus luridus,Огнена манатарка,http://manatarka.org/suillellus-luridus
Lepiota ignivolvata,Огнена сърнелка,http://manatarka.org/lepiota-ignivolvata
Fomitopsis pinicola,Окантована гъба,http://manatarka.org/fomitopsis-pinicola
Fomitopsis pinicola,Окантована прахан,http://manatarka.org/fomitopsis-pinicola
Fomitopsis pinicola,Окрайчена гъба,http://manatarka.org/fomitopsis-pinicola
Gyrodon lividus,Оловносив гиродон,http://manatarka.org/gyrodon-lividus
Entoloma sinuatum,Оловносива отровна гъба,http://manatarka.org/entoloma-sinuatum
Bovista plumbea,Оловносива пърхутка,http://manatarka.org/bovista-plumbea
Tricholoma focale,Опасана есенна гъба,http://manatarka.org/tricholoma-focale
Hygrophorus abieticola,Оранжев хигрофорус,http://manatarka.org/hygrophorus-abieticola
Hydnellum aurantiacum,Оранжев хиднелум,http://manatarka.org/hydnellum-aurantiacum
Leccinum aurantiacum,Оранжева брезовка,http://manatarka.org/leccinum-aurantiacum
Clavariadelphus truncatus,Оранжева бухалка,http://manatarka.org/clavariadelphus-truncatus
Tricholoma aurantium,Оранжева есенна гъба,http://manatarka.org/tricholoma-aurantium
Leccinum aurantiacum,Оранжева манатарка,http://manatarka.org/leccinum-aurantiacum
Mycena crocata,Оранжева мицена,http://manatarka.org/mycena-crocata
Lactarius aurantiacus,Оранжева млечница,http://manatarka.org/lactarius-aurantiacus
Amanita crocea,Оранжева мухоморка,http://manatarka.org/amanita-crocea
Hydnum rufescens,Оранжева рогачка,http://manatarka.org/hydnum-rufescens
Aleuria aurantia,Оранжево керино ухо,http://manatarka.org/aleuria-aurantia
Cortinarius orellanus,Оранжево-червен паяжинник,http://manatarka.org/cortinarius-orellanus
Pycnoporus cinnabarinus,Оранжево-червен пикнопорус,http://manatarka.org/pycnoporus-cinnabarinus
Pycnoporus cinnabarinus,Оранжево-червен полипорус,http://manatarka.org/pycnoporus-cinnabarinus
Cortinarius cinnabarinus,Оранжево-червена кожоглавка,http://manatarka.org/cortinarius-cinnabarinus
Mycena crocata,Оранжевомлечна мицена,http://manatarka.org/mycena-crocata
Helvella costifera,Оребрена бучка,http://manatarka.org/helvella-costifera
Leucoagaricus leucothites,Орехова сърнелка,http://manatarka.org/leucoagaricus-leucothites
Clitocybe nebularis,Орешарка,http://manatarka.org/clitocybe-nebularis
Morchella elata,Островърха смръчкула,http://manatarka.org/morchella-elata
Echinoderma asperum,Остролюспеста сърнелка,http://manatarka.org/echinoderma-asperum
Ramaria formosa,Отровен корал,http://manatarka.org/ramaria-formosa
Entoloma sinuatum,Отровен родофилус,http://manatarka.org/entoloma-sinuatum
Galerina marginata,Отровна галерина,http://manatarka.org/galerina-marginata
Rubroboletus satanas,Отровна манатарка,http://manatarka.org/rubroboletus-satanas
Lactarius torminosus,Отровна млечница,http://manatarka.org/lactarius-torminosus
Clitocybe phyllophila,Отровна орешарка,http://manatarka.org/clitocybe-phyllophila
Hypholoma fasciculare,Отровна пънчушка,http://manatarka.org/hypholoma-fasciculare
Scleroderma citrinum,Отровна пърхутка,http://manatarka.org/scleroderma-citrinum
Entoloma sinuatum,Отровна сливовка,http://manatarka.org/entoloma-sinuatum
Clavariadelphus truncatus,Отсеченовърха бухалка,http://manatarka.org/clavariadelphus-truncatus
Trametes ochracea,Охрен траметес,http://manatarka.org/trametes-ochracea
Agaricus sylvicola,Охрена горска печурка,http://manatarka.org/agaricus-sylvicola
Russula ochroleuca,Охрена гълъбка,http://manatarka.org/russula-ochroleuca
Cystoderma amianthinum,Охреножълта зърненка,http://manatarka.org/cystoderma-amianthinum
Lepiota clypeolaria,Охреножълта сърнелка,http://manatarka.org/lepiota-clypeolaria
Agaricus bitorquis,Паважна печурка,http://manatarka.org/agaricus-bitorquis
Amanita phalloides,Пакостница,http://manatarka.org/amanita-phalloides
Dissingia leucomelaena,Паничковидна бучка,http://manatarka.org/dissingia-leucomelaena
Amanita pantherina,Пантерка,http://manatarka.org/amanita-pantherina
Hygrocybe psittacina,Папагалска черешова гъба,http://manatarka.org/hygrocybe-psittacina
Rhizomarasmius undatus,Папратова челядинка,http://manatarka.org/rhizomarasmius-undatus
Pseudoboletus parasiticus,Паразитна манатарка,http://manatarka.org/pseudoboletus-parasiticus
Hygrocybe russocoriacea,Парфюмирана ливадна гъба,http://manatarka.org/hygrocybe-russocoriacea
Inocybe erubescens,Патуйардова гъба,http://manatarka.org/inocybe-erubescens/
Inocybe erubescens,Патуярдиева гъба,http://manatarka.org/inocybe-erubescens/
Cantharellus cibarius,Пачи крак,http://manatarka.org/cantharellus-cibarius
Agaricus comtulus,Пеперуда,http://manatarka.org/agaricus-comtulus
Amanita rubescens,Перла,http://manatarka.org/amanita-rubescens
Amanita rubescens,Перлова гъба,http://manatarka.org/amanita-rubescens
Amanita pantherina,Петниста мухоморка,http://manatarka.org/amanita-pantherina
Rhodocollybia maculata,Петниста паричка,http://manatarka.org/rhodocollybia-maculata
Agaricus langei,Печурка на Ланге,http://manatarka.org/agaricus-langei
Agaricus moelleri,Печурка на Мьолер,http://manatarka.org/agaricus-moelleri
Chlorophyllum agaricoides,Печурковиден ендоптихум,http://manatarka.org/chlorophyllum-agaricoides
Chlorophyllum agaricoides,Печурковиден хлорофилум,http://manatarka.org/chlorophyllum-agaricoides
Lactifluus piperatus,Пиперенка,http://manatarka.org/lactifluus-piperatus
Pithya vulgaris,Пития,http://manatarka.org/pithya-vulgaris
Bondarzewia mesenterica,Планинска бондарцевия,http://manatarka.org/bondarzewia-mesenterica/
Ganoderma applanatum,Плоска ганодерма,http://manatarka.org/ganoderma-applanatum
Agaricus campestris,Полска печурка,http://manatarka.org/agaricus-campestris
Calvatia utriformis,Полска пърхутка,http://manatarka.org/calvatia-utriformis
Macrolepiota excoriata,Полска сърнела,http://manatarka.org/macrolepiota-excoriata
Stropharia semiglobata,Полукълбовидна строфария,http://manatarka.org/stropharia-semiglobata
Morchella semilibera,Полусвободна смръчкула,http://manatarka.org/morchella-semilibera
Morchella semilibera,Полусраснала смръчкула,http://manatarka.org/morchella-semilibera
Sarcoscypha coccinea,Попова паничка,http://manatarka.org/sarcoscypha-coccinea
Amanita porphyria,Порфирна мухоморка,http://manatarka.org/amanita-porphyria
Oudemansiella mucida,Порцеланка,http://manatarka.org/oudemansiella-mucida
Coprinus comatus,Порцеланова копринка,http://manatarka.org/coprinus-comatus
Oudemansiella mucida,Порцеланова припънка,http://manatarka.org/oudemansiella-mucida
Lactifluus vellereus,Потрасница,http://manatarka.org/lactifluus-vellereus
Russula nigricans,Почерняваща гълъбка,http://manatarka.org/russula-nigricans
Rheubarbariboletus persicolor,Прасковеноцветна манатарка,http://manatarka.org/rheubarbariboletus-persicolor
Fomes fomentarius,Праханова гъба,http://manatarka.org/fomes-fomentarius
Cortinarius praestans,Превъзходен паяжинник,http://manatarka.org/cortinarius-praestans
Russula rosea,Привлекателна гълъбка,http://manatarka.org/russula-rosea
Armillaria mellea,Припънка,http://manatarka.org/armillaria-mellea
Agrocybe praecox,Пролетна гъба,http://manatarka.org/agrocybe-praecox
Calocybe gambosa,Пролетна миризливка,http://manatarka.org/calocybe-gambosa
Entoloma vernum,Пролетна сливовка,http://manatarka.org/entoloma-vernum
Lactifluus volemus,Просеник,http://manatarka.org/lactifluus-volemus
Xylaria polymorpha,Пръсти на мъртвеца,http://manatarka.org/xylaria-polymorpha
Trametes versicolor,Пуешка опашка,http://manatarka.org/trametes-versicolor
Cortinarius purpurascens,Пурпурен паяжинник,http://manatarka.org/cortinarius-purpurascens
Tricholomopsis rutilans,Пурпурна гъба,http://manatarka.org/tricholomopsis-rutilans
Tricholomopsis rutilans,Пурпурна есенна гъба,http://manatarka.org/tricholomopsis-rutilans
Imperator rhodopurpureus,Пурпурна манатарка,http://manatarka.org/imperator-rhodopurpureus
Amanita porphyria,Пурпурнокафява мухоморка,http://manatarka.org/amanita-porphyria
Porphyrellus porphyropsporus,Пурпурноспорова манатарка,http://manatarka.org/porphyrellus-porphyrosporus
Rubroboletus rhodoxanthus,Пурпурночервена манатарка,http://manatarka.org/rubroboletus-rhodoxanthus
Armillaria mellea,Пънчушка,http://manatarka.org/armillaria-mellea
Bovista plumbea,Пърхутка,http://manatarka.org/bovista-plumbea
Coprinus picaceus,Пъстра копринка,http://manatarka.org/coprinus-picaceus
Trametes versicolor,Пъстър траметес,http://manatarka.org/trametes-versicolor
Polyporus squamosus,Пъстърва,http://manatarka.org/polyporus-squamosus
Agaricus menieri,Пясъчна печурка,http://manatarka.org/agaricus-menieri
Megacollybia platyphylla,Радиално напукана паричка,http://manatarka.org/megacollybia-platyphylla
Megacollybia platyphylla,Радиално напукана припънка,http://manatarka.org/megacollybia-platyphylla
Trametes versicolor,Разноцветна праханка,http://manatarka.org/trametes-versicolor
Trametes versicolor,Разноцветна праханова гъба,http://manatarka.org/trametes-versicolor
Helvella elastica,Разтеглива бучка,http://manatarka.org/helvella-elastica
Agrocybe praecox,Ранна ливадна гъба,http://manatarka.org/agrocybe-praecox
Ganoderma lucidum,Рейши,http://manatarka.org/ganoderma-lucidum
Geastrum fimbriatum,Ресничеста земна звезда,http://manatarka.org/geastrum-fimbriatum
Lactarius deliciosus,Рижийка,http://manatarka.org/lactarius-deliciosus
Lactarius deliciosus,Рижика,http://manatarka.org/lactarius-deliciosus
Polyporus umbellatus,Рогочовка,http://manatarka.org/polyporus-umbellatus
Cotylidia pannosa,Розетка,http://manatarka.org/cotylidia-pannosa
Corticium roseum,Розов кортициум,http://manatarka.org/corticium-roseum
Gomphidius roseus,Розов овчи нос,http://manatarka.org/gomphidius-roseus
Phallus hadriani,Розов фалус,http://manatarka.org/phallus-hadriani
Lactarius torminosus,Розова мъхната млечница,http://manatarka.org/lactarius-torminosus
Mycena rosea,Розова ряповка,http://manatarka.org/mycena-rosea
Pulchroboletus roseoalbidus,Розовееща манатарка,http://manatarka.org/pulchroboletus-roseoalbidus
Lactarius controversus,Розовееща млечница,http://manatarka.org/lactarius-controversus
Pulchroboletus roseoalbidus,Розово-бяла манатарка,http://manatarka.org/pulchroboletus-roseoalbidus
Hericium cirrhatum,Розово-жълт дървесен корал,http://manatarka.org/hericium-cirrhatum
Hericium cirrhatum,Розово-жълта рогачка,http://manatarka.org/hericium-cirrhatum
Suillus collinitus,Розовокрака масловка,http://manatarka.org/suillus-collinitus
Rubinoboletus rubinus,Рубинена манатарка,http://manatarka.org/rubinoboletus-rubinus
Mitrula paludosa,Ручейна светулка,http://manatarka.org/mitrula-paludosa
Mycena pura,Ряповка,http://manatarka.org/mycena-pura
Tricholoma portentosum,Саждива гъба,http://manatarka.org/tricholoma-portentosum
Tricholoma terreum,Саждива гъба,http://manatarka.org/tricholoma-terreum
Tricholoma portentosum,Саждивка,http://manatarka.org/tricholoma-portentosum
Boletopsis leucomelaena,Саждивосив болетопсис,http://manatarka.org/boletopsis-leucomelaena
Macrolepiota procera,Самодивска гъба,http://manatarka.org/macrolepiota-procera
Boletus edulis,Самунка,http://manatarka.org/boletus-edulis
Tricholoma saponaceum,Сапунена гъба,http://manatarka.org/tricholoma-saponaceum
Leucopaxillus lepistoides,Сапунка,http://manatarka.org/leucopaxillus-lepistoides
Tricholoma saponaceum,Сапуненка,http://manatarka.org/tricholoma-saponaceum
Armillaria mellea,Светеща пънчушка,http://manatarka.org/armillaria-mellea
Pleurotus cornucopiae,Светложълта кладница,http://manatarka.org/pleurotus-cornucopiae
Pseudohydnum gelatinosum,Свински уши,http://manatarka.org/pseudohydnum-gelatinosum
Hygrophorus eburneus,Седефена гъба,http://manatarka.org/hygrophorus-eburneus
Helvella ephippium,Седловидна бучка,http://manatarka.org/helvella-ephippium
Polyporus umbellatus,Сенниковиден полипорус,http://manatarka.org/polyporus-umbellatus
Amanita ceciliae,Сесилиева сурогризка,http://manatarka.org/amanita-ceciliae
Suillus sibiricus,Сибирска масловка,http://manatarka.org/suillus-sibiricus
Gomphidius glutinosus,Сив овчи нос,http://manatarka.org/gomphidius-glutinosus
Cantharellus cinereus,Сив пачи крак,http://manatarka.org/cantharellus-cinereus
Helvella elastica,Сива бучка,http://manatarka.org/helvella-elastica
Russula cyanoxantha,Сива гълъбка,http://manatarka.org/russula-cyanoxantha
Helvella lacunosa,Сива дипленка,http://manatarka.org/helvella-lacunosa
Clavulina cinerea,Сива клавулина,http://manatarka.org/clavulina-cinerea
Coprinus atramentarius,Сива копринка,http://manatarka.org/coprinus-atramentarius
Clavulina cinerea,Сива коралка,http://manatarka.org/clavulina-cinerea
Amanita vaginata,Сива мухоморка,http://manatarka.org/amanita-vaginata
Bovista plumbea,Сива пърхутка,http://manatarka.org/bovista-plumbea
Lepista sordida,Сивкава виолетка,http://manatarka.org/lepista-sordida
Russula cyanoxantha,Сиво-виолетова гълъбка,http://manatarka.org/russula-cyanoxantha
Craterellus tubaeformis,Сиво-жълт пачи крак,http://manatarka.org/craterellus-tubaeformis
Craterellus tubaeformis,Сиво-жълта тръбенка,http://manatarka.org/craterellus-tubaeformis
Otidea alutacea,Сиво-жълто ушенце,http://manatarka.org/otidea-alutacea
Russula aeruginea,Сиво-зелена брезова гълъбка,http://manatarka.org/russula-aeruginea
Lactarius blennius,Сиво-зелена млечница,http://manatarka.org/lactarius-blennius
Lepista luscina,Сиво-кафява леписта,http://manatarka.org/lepista-luscina
Rhodocollybia butyracea,Сиво-кафява маслена паричка,http://manatarka.org/rhodocollybia-butyracea
Hygrocybe nitrata,Сиво-кафява черешова гъба,http://manatarka.org/hygrocybe-nitrata
Cystoderma carcharias,Сиво-розова зърненка,http://manatarka.org/cystoderma-carcharias
Russula heterophylla,Сиво-червена гълъбка,http://manatarka.org/russula-heterophylla
Helvella lacunosa,Сиво-черна бучка,http://manatarka.org/helvella-lacunosa
Clitocybe nebularis,Сивушка,http://manatarka.org/clitocybe-nebularis
Albatrellus confluens,Симиденка,http://manatarka.org/albatrellus-confluens
Hydnellum caeruleum,Син хиднелум,http://manatarka.org/hydnellum-caeruleum
Hebeloma sinapizans,Синапова гъба,http://manatarka.org/hebeloma-sinapizans/
Suillus variegatus,Синееща масловка,http://manatarka.org/suillus-variegatus
Gyroporus cyanescens,Синейка,http://manatarka.org/gyroporus-cyanescens
Gyroporus cyanescens,Синкава манатарка,http://manatarka.org/gyroporus-cyanescens
Rubroboletus satanas,Синаквица,http://manatarka.org/rubroboletus-satanas
Lactarius hemicyaneus,Синкава рижика,http://manatarka.org/lactarius-hemicyaneus
Rubroboletus satanas,Синкавица,http://manatarka.org/rubroboletus-satanas
Lepista nuda,Синьовица,http://manatarka.org/lepista-nuda
Chlorociboria aeruginascens,Синьо-зелена хлороцибория,http://manatarka.org/chlorociboria-aeruginascens
Gyroporus cyanescens,Синянка,http://manatarka.org/gyroporus-cyanescens
Rozites caperata,Скрежовка,http://manatarka.org/rozites-caperata
Scutellinia,Скутелиния,http://manatarka.org/scutellinia
Stropharia rugosoannulata,Сламена гъба,http://manatarka.org/stropharia-rugosoannulata
Entoloma clypeatum,Сливовка,http://manatarka.org/entoloma-clypeatum
Pholiota aurivella,Слизеста люспеница,http://manatarka.org/pholiota-aurivella
Russula solaris,Слънчева гълъбка,http://manatarka.org/russula-solaris
Clavariadelphus pistillaris,Смокиня,http://manatarka.org/clavariadelphus-pistillaris
Ganoderma resinaceum,Смолиста ганодерма,http://manatarka.org/ganoderma-resinaceum
Phallus impudicus,Смрадлива гъба,http://manatarka.org/phallus-impudicus
Morchella esculenta,Смръчкула,http://manatarka.org/morchella-esculenta
Clathrus ruber,Смърдяща кошничка,http://manatarka.org/clathrus-ruber
Lactarius deterrimus,Смърчова млечница,http://manatarka.org/lactarius-deterrimus
Armillaria ostoyae,Смърчова припънка,http://manatarka.org/armillaria-ostoyae
Lactarius deterrimus,Смърчова рижика,http://manatarka.org/lactarius-deterrimus
Hygrophorus eburneus,Снежанка,http://manatarka.org/hygrophorus-eburneus
Coprinus niveus,Снежнобяла копринка,http://manatarka.org/coprinus-niveus
Hygrocybe virginea,Снежнобяла ливадна гъба,http://manatarka.org/hygrocybe-virginea
Arrhenia spathulata,Спатуловидна арения,http://manatarka.org/arrhenia-spathulata
Gyromitra esculenta,Сплесната бучка,http://manatarka.org/gyromitra-esculenta
Gymnopus confluens,Сраснали парички,http://manatarka.org/gymnopus-confluens
Agaricus campestris,Старци,http://manatarka.org/agaricus-campestris
Stemonitis,Стемонитис,http://manatarka.org/stemonitis
Stemonitopsis,Стемонитопсис,http://manatarka.org/stemonitopsis
Lactifluus volemus,Суроватка,http://manatarka.org/lactifluus-volemus
Amanita vaginata,Сурогризка,http://manatarka.org/amanita-vaginata
Amanita ceciliae,Сурогризка на Сесилия,http://manatarka.org/amanita-ceciliae
Coniophora puteana,Сутеренна гъба,http://manatarka.org/coniophora-puteana
Macrolepiota procera,Сърнела,http://manatarka.org/macrolepiota-procera
Sarcodon imbricatus,Сърнена рогачка,http://manatarka.org/sarcodon-imbricatus
Sarcodon imbricatus,Сърненка,http://manatarka.org/sarcodon-imbricatus
Suillus luteus,Същинска масловка,http://manatarka.org/suillus-luteus
Fomes fomentarius,Същинска праханова гъба,http://manatarka.org/fomes-fomentarius
Laetiporus sulphureus,Сярна гъба,http://manatarka.org/laetiporus-sulphureus
Tricholoma sulphureum,Сярна есенна гъба,http://manatarka.org/tricholoma-sulphureum
Tricholoma sulphureum,Сярножълта есенна гъба,http://manatarka.org/tricholoma-sulphureum
Neoboletus pseudosulphureus,Сярножълта манатарка,http://manatarka.org/neoboletus-pseudosulphureus
Lentinus tigrinus,Тигров лентинус,http://manatarka.org/lentinus-tigrinus
Gymnopus androsaceus,Тичинковидна челядинка,http://manatarka.org/gymnopus-androsaceus
Suillus luteus,Тлъстица,http://manatarka.org/suillus-luteus
Pholiota populnea,Тополова люспеница,http://manatarka.org/pholiota-populnea
Agrocybe cylindracea,Тополова пънчушка,http://manatarka.org/agrocybe-cylindracea
Tricholoma populinum,Тополовка,http://manatarka.org/tricholoma-populinum
Cyathus stercoreus,Торен циатус,http://manatarka.org/cyathus-stercoreus
Stropharia semiglobata,Торна строфария,http://manatarka.org/stropharia-semiglobata
Lentinus lepideus,Траверсна гъба,http://manatarka.org/lentinus-lepideus
Russula aeruginea,Тревистозелена гълъбка,http://manatarka.org/russula-aeruginea
Guepinia helvelloides,Тремискус,http://manatarka.org/guepinia-helvelloides
Geastrum michelianum,Трислойна земна звезда,http://manatarka.org/geastrum-michelianum
Daedaleopsis tricolor,Трицветен дедалеопсис,http://manatarka.org/daedaleopsis-tricolor
Ramaria formosa,Трицветен корал,http://manatarka.org/ramaria-formosa
Leucopaxillus tricolor,Трицветен леукопаксилус,http://manatarka.org/leucopaxillus-tricolor
Ramaria formosa,Трицветна коралка,http://manatarka.org/ramaria-formosa
Agaricus bitorquis,Тротоарна печурка,http://manatarka.org/agaricus-bitorquis
Craterellus cornucopioides,Тръбенка,http://manatarka.org/craterellus-cornucopioides
Macrotyphula fistulosa,Тръбовидна бухалка,http://manatarka.org/macrotyphula-fistulosa
Macrotyphula fistulosa,Тръбовидна макротифула,http://manatarka.org/macrotyphula-fistulosa
Tuber borchii,Трюфел на Борх,http://manatarka.org/tuber-borchii
Tulostoma,Тулостома,http://manatarka.org/tulostoma
Porphyrellus porphyrosporus,Тъмнокафяв тилопилус,http://manatarka.org/porphyrellus-porphyrosporus
Tricholoma atrosquamosum,Тъмнолюспеста есенна гъба,http://manatarka.org/tricholoma-atrosquamosum
Russula atropurpurea,Тъмнопурпурна гълъбка,http://manatarka.org/russula-atropurpurea
Russula xerampelina,Тъмночервена гълъбка,http://manatarka.org/russula-xerampelina
Hortiboletus rubellus,Тъмночервена манатарка,http://manatarka.org/hortiboletus-rubellus
Hydnotrya tulasnei,Тюланова хиднотрия,http://manatarka.org/hydnotrya
Auricularia auricula-judae,Ушна мида,http://manatarka.org/auricularia-auriculajudae
Battarrea phalloides,Фалоидна батареа,http://manatarka.org/battarrea-phalloides
Phallus impudicus,Фалус,http://manatarka.org/phallus-impudicus
Butyriboletus fechtneri,Фехтнерова манатарка,http://manatarka.org/butyriboletus-fechtneri
Phylloporus pelletieri,Филопорус,http://manatarka.org/phylloporus-pelletieri
Pholiotina,Фолиотина,http://manatarka.org/pholiotina
Armillaria mellea,Фосфорна гъба,http://manatarka.org/armillaria-mellea
Amanita franchetii,Франшетова мухоморка,http://manatarka.org/amanita-franchetii
Cantharellus friesii,Фризиев пачи крак,http://manatarka.org/cantharellus-friesii
Amanita eliae,Фризиева мухоморка,http://manatarka.org/amanita-eliae
Cantharellus friesii,Фризов пачи крак,http://manatarka.org/cantharellus-friesii
Infundibulicybe gibba,Фуниевидна орешарка,http://manatarka.org/infundibulicybe-gibba
Laccaria laccata,Хамелеонова гъба,http://manatarka.org/laccaria-laccata
Antrodia juniperina,Хвойнова антродия,http://manatarka.org/antrodia-juniperina
Morchella semilibera,Хибридна смръчкула,http://manatarka.org/morchella-semilibera
Astraeus hygrometricus,Хигрометрична земна звезда,http://manatarka.org/astraeus-hygrometricus
Astraeus hygrometricus,Хигроскопична земна звезда,http://manatarka.org/astraeus-hygrometricus
Hydnotrya,Хиднотрия,http://manatarka.org/hydnotrya
Lactifluus volemus,Хлебенка,http://manatarka.org/lactifluus-volemus
Butyriboletus regius,Хлебна манатарка,http://manatarka.org/butyriboletus-regius
Lactifluus volemus,Хлебна млечница,http://manatarka.org/lactifluus-volemus
Butyriboletus regius,Царска гъба,http://manatarka.org/butyriboletus-regius
Catathelasma imperiale,Царска катателазма,http://manatarka.org/catathelasma-imperiale
Butyriboletus regius,Царска манатарка,http://manatarka.org/butyriboletus-regius
Agaricus augustus,Царска печурка,http://manatarka.org/agaricus-augustus
Cyathus striatus,Циатус,http://manatarka.org/cyathus-striatus
Rozites caperata,Циганска гъба,http://manatarka.org/rozites-caperata
Inonotus obliquus,Чага,http://manatarka.org/inonotus-obliquus
Macrolepiota procera,Чадъреста гъба,http://manatarka.org/macrolepiota-procera
Clavicorona pyxidata,Чашеносещ корал,http://manatarka.org/clavicorona-pyxidata
Helvella acetabulum,Чашковидна бучка,http://manatarka.org/helvella-acetabulum
Calocybe gambosa,Челадница,http://manatarka.org/calocybe-gambosa
Marasmius oreades,Челядинка,http://manatarka.org/marasmius-oreades
Chroogomphus rutilus,Червен овчи нос,http://manatarka.org/chroogomphus-rutilus
Pycnoporus cinnabarinus,Червен пикнопорус,http://manatarka.org/pycnoporus-cinnabarinus
Leccinum aurantiacum,Червена брезовка,http://manatarka.org/leccinum-aurantiacum
Russula sanguinaria,Червена гълъбка,http://manatarka.org/russula-sanguinaria
Guepinia helvelloides,Червена лепкава тръбенка,http://manatarka.org/guepinia-helvelloides
Lactarius deliciosus,Червена млечница,http://manatarka.org/lactarius-deliciosus
Amanita muscaria,Червена мухоморка,http://manatarka.org/amanita-muscaria
Clathrus ruber,Червена решетка,http://manatarka.org/clathrus-ruber
Hygrocybe coccinea,Червена черешова гъба,http://manatarka.org/hygrocybe-coccinea
Hygrophorus erubescens,Червенеещ хигрофорус,http://manatarka.org/hygrophorus-erubescens
Geastrum rufescens,Червенееща земна звезда,http://manatarka.org/geastrum-rufescens
Chlorophyllum rhacodes,Червенееща сърнела,http://manatarka.org/chlorophyllum-rhacodes
Hortiboletus rubellus,Червеникава манатарка,http://manatarka.org/hortiboletus-rubellus
Chlorophyllum rhacodes,Червеникава сърнела,http://manatarka.org/chlorophyllum-rhacodes
Russula emetica,Червенка,http://manatarka.org/russula-emetica
Rubroboletus rhodoxanthus,Червено-жълта манатарка,http://manatarka.org/rubroboletus-rhodoxanthus
Polyporus badius,Червено-кафяв полипорус,http://manatarka.org/polyporus-badius
Hydnum rufescens,Червено-кафява рогачка,http://manatarka.org/hydnum-rufescens
Lepiota brunneoincarnata,Червено-кафява сърнелка,http://manatarka.org/lepiota-brunneoincarnata
Paragalactinia michelii,Червено-кафява чашка,http://manatarka.org/paragalactinia-michelii
Russula atrorubens,Червено-черна гълъбка,http://manatarka.org/russula-atrorubens
Ramaria botrytis,Червеновърха коралка,http://manatarka.org/ramaria-botrytis
Xerocomellus chrysenteron,Червенокрака манатарка,http://manatarka.org/xerocomellus-chrysenteron
Russula olivacea,Червеностъблена гълъбка,http://manatarka.org/russula-olivacea
Neoboletus praestigiator,Червеностъблена манатарка,http://manatarka.org/neoboletus-praestigiator
Agaricus campestris,Червенушка,http://manatarka.org/agaricus-campestris
Helvella atra,Черна бучка,http://manatarka.org/helvella-atra
Russula nigricans,Черна гълъбка,http://manatarka.org/russula-nigricans
Exidia glandulosa,Черна желатинка,http://manatarka.org/exidia-glandulosa/
Geoglossum umbratile,Чернеещ геоглосум,http://manatarka.org/geoglossum-umbratile
Russula nigricans,Чернееща гълъбка,http://manatarka.org/russula-nigricans
Hygrocybe conica,Чернееща черешова гъба,http://manatarka.org/hygrocybe-conica
Coprinus comatus,Чернилка,http://manatarka.org/coprinus-comatus
Fistulina hepatica,Чернодробна гъба,http://manatarka.org/fistulina-hepatica
Polyporus varius,Чернокрак полипорус,http://manatarka.org/polyporus-varius
Marasmius alliaceus,Чеснова челядинка,http://manatarka.org/marasmius-alliaceus
Trametes hirsuta,Четинест траметес,http://manatarka.org/trametes-hirsuta
Pholiota squarrosa,Четинеста люспеница,http://manatarka.org/pholiota-squarrosa
Geastrum quadrifidum,Четириделна земна звезда,http://manatarka.org/geastrum-quadrifidum
Fistulina hepatica,Чобанка,http://manatarka.org/fistulina-hepatica
Armillaria mellea,Чума по дърветата,http://manatarka.org/armillaria-mellea
Russula fragilis,Чуплива гълъбка,http://manatarka.org/russula-fragilis
Clitocybe nebularis,Чучулетка,http://manatarka.org/clitocybe-nebularis
Hygrocybe conica,Шапка на вещица,http://manatarka.org/hygrocybe-conica
Morchella esculenta,Шарденче,http://manatarka.org/morchella-esculenta
Amanita crocea,Шафранова мухоморка,http://manatarka.org/amanita-crocea
Chroogomphus helveticus,Швейцарски овчи нос,http://manatarka.org/chroogomphus-helveticus
Schizophyllum commune,Шизофилум,http://manatarka.org/schizophyllum-commune
Lentinula edodes,Шиитаке,http://manatarka.org/lentinula-edodes
Amanita echinocephala,Шипоглава мухоморка,http://manatarka.org/amanita-echinocephala
Strobilurus,Шишаркова паричка,http://manatarka.org/strobilurus
Strobilomyces strobilaceus,Шишарковидна манатарка,http://manatarka.org/strobilomyces-strobilaceus
Amanita strobiliformis,Шишарковидна мухоморка,http://manatarka.org/amanita-strobiliformis
Pseudohydnum gelatinosum,Ъртовки,http://manatarka.org/pseudohydnum-gelatinosum
Auricularia auricula-judae,Юдино ухо,http://manatarka.org/auricularia-auriculajudae
Amanita ovoidea,Яйцевидна мухоморка,http://manatarka.org/amanita-ovoidea
Bovista nigrescens,Яйцевидна пърхутка,http://manatarka.org/bovista
Amanita caesarea,Яйченик,http://manatarka.org/amanita-caesarea
Helvella lacunosa,Яместа бучка,http://manatarka.org/helvella-lacunosa
Neoboletus pseudosulphureus,Яркожълта манатарка,http://manatarka.org/neoboletus-pseudosulphureus
Polyporus squamosus,Ястребка,http://manatarka.org/polyporus-squamosus
